receiver,token,amount
0x080a8b1E2f3695E179453c5e617b72A381BE44B9,ETH,7340534220239128
0x0a308697e1d3a91dcB1e915C51F8944AaEc9015F,ETH,149448391747076951
0x0d2584DA2F637805071f184bCFa1268eBAe8a24A,ETH,47429626782046580
0x109BF9E0287Cc95cc623FBE7380dD841d4bdEb03,ETH,53285036403816321
0x149d0f9282333681Ee41D30589824b2798E9fb47,ETH,4724385910451191808
0x22DEE0935c77d32c7241362b14e76fc2D5eF657d,ETH,25772041112520239
0x2C01B4AD51a67E2d8F02208F54dF9aC4c0B778B6,0xDEf1CA1fb7FBcDC777520aa7f396b4E015F497aB,16472432251561123512320
0x398890BE7c4FAC5d766E1AEFFde44B2EE99F38EF,ETH,3170214888342493909
0x3Cee8C7d9B5C8F225A8c36E7d3514e1860309651,ETH,1675297264824903184
0x506109C8C43B1838a466f37dc3F57019fA0537cA,0xDEf1CA1fb7FBcDC777520aa7f396b4E015F497aB,21389621222694774112256
0x55A37A2E5e5973510Ac9D9C723aeC213fA161919,ETH,6990741724173666048
0x5B0BFe439ab45A4F002C259b1654ED21c9a42D69,ETH,55104305280071762
0x69F9365405762405Cc17f7979aA8e94fD95c1e80,ETH,331335924404208512
0x6C642caFCbd9d8383250bb25F67aE409147f78b2,0xDEf1CA1fb7FBcDC777520aa7f396b4E015F497aB,4664807973840342220800
0x6C642caFCbd9d8383250bb25F67aE409147f78b2,0xDEf1CA1fb7FBcDC777520aa7f396b4E015F497aB,5285424746659290284032
0x6C642caFCbd9d8383250bb25F67aE409147f78b2,0xDEf1CA1fb7FBcDC777520aa7f396b4E015F497aB,245722030057928523776
0x6C642caFCbd9d8383250bb25F67aE409147f78b2,0xDEf1CA1fb7FBcDC777520aa7f396b4E015F497aB,16973256169880905842688
0x6C642caFCbd9d8383250bb25F67aE409147f78b2,0xDEf1CA1fb7FBcDC777520aa7f396b4E015F497aB,61834684258467637624832
0x6C642caFCbd9d8383250bb25F67aE409147f78b2,0xDEf1CA1fb7FBcDC777520aa7f396b4E015F497aB,50335779717379028480
0x6C642caFCbd9d8383250bb25F67aE409147f78b2,0xDEf1CA1fb7FBcDC777520aa7f396b4E015F497aB,2551723115818932371456
0x6C642caFCbd9d8383250bb25F67aE409147f78b2,0xDEf1CA1fb7FBcDC777520aa7f396b4E015F497aB,4430612160383437504512
0x6C642caFCbd9d8383250bb25F67aE409147f78b2,0xDEf1CA1fb7FBcDC777520aa7f396b4E015F497aB,535325620371499130880
0x7A0A8890D71A4834285efDc1D18bb3828e765C6A,ETH,62075639200335831
0x84dbAE2549d67CaF00f65C355de3D6F4df59A32C,0xDEf1CA1fb7FBcDC777520aa7f396b4E015F497aB,70290707793134749745152
0x8a4e90e9AFC809a69D2a3BDBE5fff17A12979609,ETH,681340205192757423
0x8ccc61dBA297833dbe5D95FD6360f106b9A7576e,ETH,5294751957790036
0x926D0e6927b9086bae93A61c418A73D564e6ee0a,0xDEf1CA1fb7FBcDC777520aa7f396b4E015F497aB,448176197527008843776
0x926D0e6927b9086bae93A61c418A73D564e6ee0a,0xDEf1CA1fb7FBcDC777520aa7f396b4E015F497aB,48168948127012597268480
0x97Ec0a17432D71a3234EF7173C6B48a2C0940896,ETH,2666803869103730208
0x9999FF1de7A33aCa7aD3D2a2f47Ab90CAfAC991a,0xDEf1CA1fb7FBcDC777520aa7f396b4E015F497aB,3434052700811114250240
0x9999FF1de7A33aCa7aD3D2a2f47Ab90CAfAC991a,0xDEf1CA1fb7FBcDC777520aa7f396b4E015F497aB,90156842971051501551616
0xA21740833858985e4D801533a808786d3647Fb83,ETH,9104382450099510464
0xb20B86C4e6DEEB432A22D773a221898bBBD03036,ETH,5303375057301346816
0xB2153CAA185484fD377f488d89143A7FD76695ce,0xDEf1CA1fb7FBcDC777520aa7f396b4E015F497aB,33417079587654874431488
0xBC49a57bFaaaAb348b9897692ab77D12995e1315,0xDEf1CA1fb7FBcDC777520aa7f396b4E015F497aB,10512256117731665379328
0xBC49a57bFaaaAb348b9897692ab77D12995e1315,0xDEf1CA1fb7FBcDC777520aa7f396b4E015F497aB,35550113166078824448
0xBFF9a1B539516F9e20c7b621163e676949959a66,ETH,3170646729153421904
0xc9ec550BEA1C64D779124b23A26292cc223327b6,ETH,20767671624525678848
0xdA869Be4AdEA17AD39E1DFeCe1bC92c02491504f,ETH,487528521160685552
0xe33062a24149f7801a48B2675Ed5111d3278F0f5,ETH,93569257176913818
0xE9aE2D792F981C53EA7f6493A17Abf5B2a45a86b,ETH,119017719282960176
0xF7995B6B051166eA52218c37b8d03A2A6bbeF3DA,ETH,497775349392246445